id,first_name,last_name
1,Nicolle,Wayon
2,Kendre,Labbey
3,Adolph,Cranch
4,Wilton,Gaynsford
5,Matilde,Mac Giany
6,Ediva,Lednor
7,Lulita,Jinkinson
8,Fernande,Kyneton
9,Faustina,Iacopo
10,Kerry,Ames
11,Margarette,Tattoo
12,Granny,Congrave
13,Shela,Hubbucke
14,Burg,Poulsen
15,Cris,Minghi
16,Linette,Scrine
17,Sarajane,Epine
18,Joey,Bernaldez
19,Tommi,De Avenell
20,Krissie,Gumbley
21,Averil,Slocumb
22,Clara,Dauber
23,Archibaldo,Dryden
24,Kelcy,Bolden
25,Haskel,Lindstrom
26,Karoly,Cullimore
27,Leonhard,Vassar
28,Garvin,Clewley
29,Carmela,Digman
30,Uta,Kuhndel
31,Ethelda,Gibbeson
32,Ariel,Rehor
33,Sheila,Brager
34,Tasia,Hail
35,Nicol,Swansbury
36,Franny,Titherington
37,Christophorus,Hollidge
38,Janella,Poad
39,Stefania,Leafe
40,Emlen,Burkwood
41,Lynna,Kensitt
42,Amitie,Kilgrove
43,Ogdon,Tomowicz
44,Wilburt,Davidovics
45,Bonnie,Silverwood
46,Yule,Gallant
47,Merrick,Geffcock
48,Dion,Proom
49,Rodrick,Bixley
50,Thor,Hebbard
51,Taddeusz,Pavic
52,Gwenneth,Fiddler
53,Jedd,Cottrell
54,Matteo,Dearing
55,Neel,Llewellen
56,Rhianon,Temperton
57,Torre,Cathro
58,Darby,Farlham
59,Orrin,Mate
60,Jasmin,Sandell
61,Ardisj,Roach
62,Angelle,Rumke
63,Bradney,Matyushonok
64,Carlie,Recher
65,Raymond,Coton
66,Lilah,Titmuss
67,Julita,Jocic
68,Turner,Westmorland
69,Franzen,Kendall
70,Nathanael,Aujouanet
71,Patricia,Brion
72,Emerson,Ellerby
73,Nehemiah,Skea
74,Rodi,Bane
75,Laurena,Beldom
76,Margalit,Berthod
77,Netti,Grayne
78,Hollie,Rossander
79,Odie,Quakley
80,Daphna,Thormwell
81,Pansie,Stroder
82,Stephen,Hazley
83,Lilith,Storrah
84,Genna,De Robertis
85,Ailbert,Fancet
86,Abraham,Dommerque
87,Cleveland,Humbie
88,Prescott,Stithe
89,Maurise,Ball
90,Alexander,Gerardeaux
91,Timotheus,McGilvray
92,Nealy,Conkie
93,Meghan,Dallmann
94,Kahlil,Sicha
95,Fremont,Colman
96,Tabbie,Janca
97,Reamonn,Dawid
98,Matthus,Watkiss
99,Jeremy,Perse
100,Nina,Bauduin
101,Fielding,Sholl
102,Ario,Cussons
103,Sapphira,Eccles
104,Berti,Murrhaupt
105,Alick,Darrington
106,Pepe,Joannet
107,Catina,Rookes
108,Clim,Jepperson
109,Gregor,Klehn
110,Hewitt,Jankowski
111,Lena,Merrilees
112,Tedra,Carlisso
113,Patti,Gruby
114,Barry,Puller
115,Del,Canto
116,Ferdinande,Kemmons
117,Cordie,Sleney
118,Chariot,Simkin
119,Morey,Gagin
120,Benito,Grady
121,Chen,Imort
122,Jacobo,McNally
123,Daphene,Tildesley
124,Wolfgang,Monelli
125,Wenonah,Hickisson
126,Ingrim,MacMenamin
127,Seamus,Wayt
128,Skell,Timpany
129,Jamil,Chesley
130,Cinda,Neild
131,Pancho,Tacker
132,Jessey,Muzzlewhite
133,Marysa,Budgen
134,Berget,Rosengren
135,Nicolea,MacGaughy
136,Ardelia,Vasser
137,Jeremy,Organ
138,Catarina,Bonicelli
139,Dav,Ponder
140,Caesar,Caddies
141,Ciel,Broadnicke
142,Deane,Kelwick
143,Melisenda,Mattke
144,Johnny,Oene
145,Ware,Wadmore
146,Skipp,Jasik
147,Levi,Varden
148,Ivar,Keegan
149,Hildegarde,Hannis
150,Merralee,Gent
151,Birgit,Cristea
152,Sheff,Bletso
153,Rubi,Haruard
154,Shalne,Downing
155,Sayer,Rasor
156,Thor,Mityushin
157,Sonny,Mathivat
158,Olly,Benitti
159,Babita,Antonikov
160,Alysa,Monteath
161,Madlen,Dutch
162,Beck,Grubbe
163,Lindy,Gelletly
164,Ax,Sandeman
165,Marcy,O'Luby
166,Thaddeus,Steedman
167,Farica,Dell
168,Jdavie,Whyberd
169,Regen,Bondar
170,Merl,Antonietti
171,Wallace,Shearmur
172,Vanya,Merrikin
173,Aurelea,Fairlie
174,Mitzi,Hazeldean
175,Idelle,Broggini
176,Genevieve,Dyde
177,Georgena,Offield
178,Roddy,Solan
179,Dell,Lacy
180,Elsy,Quinell
181,Binky,Milham
182,Alejandra,Dalglish
183,Viviana,Watsam
184,Brandy,Heminsley
185,Sarah,Stenning
186,Pepita,Yandell
187,Clyde,Noraway
188,Frasco,Firth
189,Fee,Keighley
190,Doe,Kersley
191,Edmund,Casbolt
192,Felice,Smaile
193,Florida,Ramsbotham
194,Arabelle,Vassay
195,Taber,Trahmel
196,Madalena,Ordelt
197,Scott,Nester
198,Liv,Janout
199,Niki,Lougheed
200,Christyna,Sears
201,Bondie,Hitscher
202,Alic,Standley
203,Ase,Holtom
204,Hilary,Mavin
205,Aimee,Sineath
206,Aryn,Clare
207,Darlleen,Burehill
208,Tiphani,Purdon
209,Ortensia,Tee
210,Waverley,Morais
211,Berni,Nern
212,Yvon,Pattenden
213,Uta,Rubertelli
214,Kristyn,Whyberd
215,Reuben,Eastabrook
216,Billi,Cuxson
217,Carmen,Surman
218,Alonzo,Kemmer
219,Stefano,Larraway
220,Consuela,Langthorn
221,Belinda,Espinazo
222,Jane,Langthorne
223,Angelle,Gurley
224,Sterne,Anselmi
225,Sollie,Bartoszek
226,Dev,Sawood
227,Loralee,Kiddy
228,Joshuah,Johnstone
229,Bobina,Cyson
230,Booth,Eastwell
231,Gale,Mohamed
232,Chere,Seals
233,Helen,Brittain
234,Boothe,Hacquel
235,Siward,Bignal
236,Quinlan,Klimke
237,Olive,Woofendell
238,Blithe,Hegg
239,Cly,Longman
240,Inga,Davidowsky
241,Fielding,Sweedland
242,Carol,Derkes
243,Nata,Filipic
244,Greta,Teml
245,Mel,Niven
246,Dru,Grimsey
247,Willem,Fardell
248,Gene,Hadlington
249,Samuel,Luno
250,Rhodia,Ference
251,Georgetta,Gavan
252,Giuditta,Heinreich
253,Lora,Cowton
254,Mallory,Bradnocke
255,Chalmers,Caudwell
256,Garnet,Kilmurry
257,Britney,Standish
258,Thorin,Duetsche
259,Denyse,Jozwiak
260,Shaughn,Widdecombe
261,Hart,Bettison
262,Zita,Deveraux
263,Mychal,Dedden
264,Goraud,Paoli
265,Morton,Buston
266,Golda,Jupp
267,Garnette,Fowler
268,Danna,Imason
269,Abel,Fearneley
270,Jerri,Rault
271,Kayle,Jeste
272,Adda,Glyn
273,Crista,Sinson
274,Lukas,Redemile
275,Stefania,Montel
276,Kesley,Tither
277,Dag,Ravenshear
278,Danielle,De la Barre
279,Annabel,Lemonnier
280,Alyssa,Flint
281,Tad,Gerram
282,Carmela,Sprakes
283,Rodie,Strettell
284,Teriann,Madner
285,Therine,Bertot
286,Malena,Sandercock
287,Malia,Squirrel
288,Willa,Josipovitz
289,Rhodia,Bridewell
290,Sandi,Kohler
291,Shina,Pargetter
292,Fedora,Skokoe
293,Turner,Haddock
294,Quent,Kingswell
295,Ken,Beseke
296,Noe,Turmell
297,Michaela,Verecker
298,Zak,Roglieri
299,Danyelle,Jeanesson
300,Thorndike,Philipeaux
301,Dasie,Doone
302,Lilias,Shatliffe
303,Leroi,Pirdue
304,Catherina,Ohms
305,Kevin,Linzey
306,Ives,Whorlow
307,Dena,Riccio
308,Harriet,Shitliffe
309,Lucine,Lewisham
310,Marve,MacMarcuis
311,Ely,Giampietro
312,Orland,Labeuil
313,Mac,Lysons
314,Vikki,Hrishchenko
315,Georgina,Lasselle
316,Dorolisa,Sindle
317,Gertruda,Profit
318,Chrystal,Stryde
319,Celesta,Bremeyer
320,Iago,Midghall
321,Ki,Durnin
322,Kat,Kulver
323,Angie,Donnelly
324,Sergeant,Grinyakin
325,Zsazsa,Dog
326,Jen,Ferrarin
327,Ardelia,Coulbeck
328,Cris,Hugh
329,Jsandye,Caccavari
330,Hilarius,Braidman
331,Bessy,Crowne
332,Amity,Waugh
333,Allistir,Screwton
334,Kellina,Cheeney
335,Brad,Devil
336,Erminia,Robken
337,Bil,Matushevitz
338,Malchy,Coronado
339,Erena,Billingham
340,Keary,Zimmer
341,Anitra,Heasley
342,Kristan,Kerridge
343,Sheila,Charpin
344,Thor,Godly
345,Vasili,Switland
346,Collette,Trevor
347,Ruby,Kinton
348,Manfred,Darington
349,Jard,Faucherand
350,Midge,Algie
351,Lindy,Gooder
352,Gabie,Chivers
353,Roger,Zaniolo
354,Wilek,Adamovsky
355,Trev,Pennington
356,Cherianne,Weald
357,Regen,Heathcoat
358,Dee,Keaves
359,Guglielma,Fincher
360,Natka,Caser
361,Coraline,Tommeo
362,Burch,Amiranda
363,Marice,Barbera
364,Elfreda,Gasson
365,Berkeley,Alderman
366,Mirelle,Dongate
367,Norman,Lowther
368,Hunt,Jeenes
369,Harper,Pottle
370,Fey,Cosgreave
371,Keefer,Gullis
372,Neall,Ubanks
373,Rudolph,MacGiany
374,Gun,Kemson
375,Phedra,Lilleman
376,Saundra,Stansby
377,Shauna,Woolveridge
378,Jade,Bodman
379,Dru,Jaquemar
380,Kennett,Hickin
381,Alejandrina,Sinclair
382,Osbourn,Drewell
383,Eddy,Week
384,Tedi,Tyrone
385,Stephan,Kirrage
386,Lou,Proppers
387,Chadd,Yellep
388,Myer,Luttgert
389,Alfonso,Carnaman
390,Sharity,Krysztofiak
391,Karla,Scholtz
392,Lock,Keave
393,Hank,Shiell
394,Claudelle,Toll
395,Waylon,Priddie
396,Estelle,Grundon
397,Josh,Lidgard
398,Francene,Surgeoner
399,Galina,Spelwood
400,Kalinda,Bowart
401,Aigneis,Renak
402,Anthiathia,Birds
403,Darla,Tant
404,Lemar,Tuttle
405,Kay,A'Barrow
406,Gibbie,Writer
407,Antonetta,Easman
408,Annelise,Greiser
409,Dorine,Heinish
410,Claiborn,Robbert
411,Lesley,Kayne
412,Modesta,Hattigan
413,Camey,Heppner
414,Kass,Sells
415,Sebastian,Werrit
416,Roland,O'Howbane
417,Willi,Stolz
418,Codee,Swyne
419,Worthington,MacGillreich
420,Francisco,Middup
421,Ariella,Falks
422,Burty,Borrott
423,Laetitia,Margrem
424,Moshe,Harte
425,Margette,Hiscocks
426,Chicky,Lanaway
427,Maison,Friese
428,Guthrey,Doyley
429,Ewan,Cawthera
430,Letti,Chelsom
431,Janice,Treweke
432,Verina,Keig
433,Nomi,O'Moylan
434,Elbertine,O'Leary
435,Kristofer,Imason
436,Hamel,Suttling
437,Lira,Shillam
438,Myron,Bullas
439,Dalila,Schinetti
440,Cassy,Peschet
441,Torey,Knutton
442,Blinny,McColley
443,Arlee,Carren
444,Maxwell,McCooke
445,Ingemar,Webbe
446,Dolli,Huddleston
447,Cristie,Slinn
448,Tedra,Ferronel
449,Nananne,Hovard
450,Anny,Filby
451,Cecil,Hewes
452,Meredith,Robins
453,Fabe,O'Lenane
454,Amby,Beardow
455,Remington,Fyfield
456,Burg,Bradborne
457,Priscilla,Bloor
458,Wade,Campling
459,Maible,Shottin
460,La verne,Tolman
461,Leontine,Tippings
462,Kylynn,Fanning
463,Marleen,Tsar
464,Robyn,Chorley
465,Vi,Gaythor
466,Sawyere,Reily
467,Lindsy,Lattey
468,Ganny,Eric
469,Evvy,Dowdall
470,Gerri,Billie
471,Glennis,Lohrensen
472,Yanaton,Howle
473,Valene,Sharratt
474,Catrina,Grimestone
475,Sherye,Pindell
476,Gwendolin,Van der Hoven
477,Dalia,Hattrick
478,Kendal,Norquay
479,Augustus,McAllister
480,Orran,Manterfield
481,Em,Slateford
482,Mabel,Schulz
483,Jessie,Brockest
484,Hugo,Ganforth
485,Dorelia,Quogan
486,Mathias,Huffer
487,Gideon,Franiak
488,Herb,Roizn
489,Arlyne,Critten
490,Marney,Royans
491,Maxie,Josipovic
492,Munmro,Tapley
493,Monique,Hannigan
494,Dacia,Champneys
495,Teddi,Getch
496,Michal,Djokic
497,Burr,Wearn
498,Skyler,Cosens
499,Allyn,Mixhel
500,Koenraad,Spellsworth
501,Gregoire,Lapwood
502,Chrysa,Janicki
503,Willyt,Songest
504,Alethea,Bullerwell
505,Pollyanna,Warton
506,Wandie,Nasey
507,Tanya,Marciskewski
508,Allissa,Dany
509,Dorey,Chesson
510,Winona,Garmons
511,Maryanne,Rayworth
512,Shayne,Akenhead
513,Karin,Farahar
514,Elmira,Telford
515,Pen,Georgeot
516,Felic,Flaunier
517,Carter,Pedrick
518,Lionel,Marshall
519,Pammy,Binyon
520,Norri,Fowley
521,Fabe,Hargrove
522,Elane,Gunston
523,Doloritas,Curedell
524,Zsa zsa,Bower
525,Juliann,Dyment
526,Eleanora,Whyley
527,Barbaraanne,McMechan
528,Jefferson,Stelfox
529,Alyson,Donnison
530,Elias,McCaughan
531,Lisetta,Orrin
532,Tarah,Ales
533,Abram,Borzoni
534,Em,Wick
535,Minnnie,Ruffell
536,Phylys,Delacoste
537,Eleonora,Huggill
538,Caressa,Wedgbrow
539,Kessiah,MacKill
540,Dominga,Thresh
541,Dickie,Asple
542,Jacob,Gerauld
543,Gail,Marrow
544,Nicola,Feldhorn
545,Evelin,Etheredge
546,Matthus,Colyer
547,Arturo,Andrichuk
548,Ciro,Treves
549,Olivero,Filson
550,Richmond,Wardel
551,Stacy,Rosekilly
552,Nyssa,Greatham
553,Mable,Denver
554,Alaster,Yaxley
555,Keith,Asman
556,Delphine,Eddolls
557,Vassili,Old
558,Sidnee,Harnwell
559,Antone,Peers
560,Melany,Klauer
561,Timmy,Gooderridge
562,Jackie,Carletto
563,Leila,Columbell
564,Drucill,Elis
565,Jakie,Alcott
566,Gorden,Batch
567,Clint,Skelly
568,Martha,Cradey
569,Vail,Abrahamian
570,Cheryl,Boar
571,Fulvia,Cotillard
572,Ferdy,Dinis
573,Orlan,Pohling
574,Barth,Thormann
575,Laurena,Ramelet
576,Berni,Minghella
577,Jephthah,Warfield
578,Ashlie,Laird-Craig
579,Ardelis,Burhill
580,Paco,Wethered
581,Forster,Junes
582,Wells,O'Collopy
583,Alfons,Jarrold
584,Charmian,Gidden
585,Georgeanna,Blunn
586,Nat,Sevin
587,Gleda,Proffer
588,Caz,Cerith
589,Callida,Dripp
590,Leonora,Barnett
591,Abel,Roff
592,Bobbie,McCoid
593,Griselda,Oyley
594,Harmonia,Hudless
595,Gayle,Brooke
596,Josephina,Fathers
597,Dulce,Insull
598,Gonzalo,Abrahami
599,Ryley,Le Huquet
600,Tod,Looby
601,Becky,Laverock
602,Marja,Knapper
603,Aila,Gremain
604,Elane,Snartt
605,Bennie,Mayne
606,Karly,Butten
607,Allard,Kliemann
608,Putnem,Mepsted
609,Luciana,Marques
610,Karly,Braun
611,Ned,Thormwell
612,Isaiah,Dodgshon
613,Scottie,Presman
614,Rogers,Kareman
615,Timmi,Zebedee
616,Cody,Scantleberry
617,Clarice,Giocannoni
618,Brigit,Birkbeck
619,Sheila-kathryn,Dragge
620,Fleming,Loins
621,Nathanael,Willison
622,Catharine,Lowder
623,Lonee,Kohlert
624,Alfonso,Minchinton
625,Vicky,Winsbury
626,Findlay,Salters
627,Findlay,Heddon
628,Pippa,Farres
629,Nola,Athowe
630,Fernande,Grimsdale
631,Creight,Parkyns
632,Leeanne,Zecchii
633,Sosanna,Blees
634,Arther,Thumann
635,Stanton,Derks
636,Dona,Mallindine
637,Rena,Jennison
638,Sylvester,Timmis
639,Katti,Hawton
640,Alan,Skelhorne
641,Harri,Rhodus
642,Casie,Barbera
643,Filip,Cadwell
644,Maurita,Rudman
645,Booth,Ege
646,Rena,Teligin
647,Fabien,Hardway
648,Clari,Perillio
649,Dyna,Charkham
650,Caty,Tough
651,Clea,Rozec
652,Livvyy,Durrell
653,Adi,Goodrich
654,Howard,Botler
655,Kurt,Deniseau
656,Stafani,O'Hartnett
657,Darline,Arnaudi
658,Melodie,Kovnot
659,Craggie,Dunster
660,Bethanne,Douglass
661,Tawsha,Collabine
662,Madelena,Lindmark
663,Kipp,Jessen
664,Jeannine,Stoggles
665,Xenia,Gelletly
666,Elfrida,Gilhooly
667,Cozmo,Kermitt
668,Kennan,Sexti
669,Bern,Duddin
670,Yolanthe,Sisse
671,Shawnee,Symers
672,Barris,Duthie
673,Maurise,Leason
674,Brnaba,McGennis
675,Ambros,Loftie
676,Orelle,Ridges
677,Therine,Fasson
678,Sophia,Kindon
679,Sandor,Doole
680,Tymothy,Lanceter
681,Dickie,Jonson
682,Lise,Couchman
683,Ania,Gonnelly
684,Valentia,Lumber
685,Brena,Bastard
686,Rip,Whitloe
687,Britteny,Reddlesden
688,Dennie,Thornton-Dewhirst
689,Tam,Lambrick
690,Darrin,Hallworth
691,Megan,Christofides
692,Marylou,Aurelius
693,Pietro,Avo
694,Madeleine,Robard
695,Tadeo,Wadworth
696,Heinrick,Furnival
697,Stephi,Hoofe
698,Stace,Maw
699,Corny,Benardeau
700,Rogers,Plaunch
701,Paule,Venny
702,Jorry,Sucre
703,Jeanna,Leagas
704,Mora,Whiterod
705,Ania,Rhoades
706,Laurent,Boothroyd
707,Alfi,Ceeley
708,Elsbeth,Pallent
709,Uriel,Liddy
710,Lane,Coaster
711,Joshuah,Chern
712,Ainslie,Mackstead
713,Peta,Noni
714,Anica,O'Neil
715,Rudyard,Pietrzak
716,Clair,Mungin
717,Livvyy,Iapico
718,Lock,Farfull
719,Tremain,Gherardi
720,Ewart,Giffen
721,Bondy,Armfield
722,Linet,Karlolczak
723,Sibilla,Hehnke
724,Lucienne,Huard
725,Barbi,Gyenes
726,Jaquenetta,Delion
727,Karlyn,Coorington
728,Latrina,Grandin
729,Algernon,Sprionghall
730,Grata,Balden
731,Neilla,Gellett
732,Woodie,Houchen
733,Darcy,Pharo
734,Carolee,Wort
735,Fancie,Antonopoulos
736,Janey,Lebourn
737,Harmonie,Mountjoy
738,Morton,Sansam
739,Armando,Lorkings
740,Nero,Muehler
741,Maribel,Osant
742,Melly,Griffiths
743,Kenon,Manser
744,Lucio,Baillie
745,Nessa,Schroter
746,Dar,Brattan
747,Kimbra,Warrillow
748,Bamby,Shannon
749,Rogerio,Vasnev
750,Elga,Zemler
751,Upton,Gyrgorcewicx
752,Jehanna,Queste
753,Sibel,Merring
754,Kate,Fierman
755,Park,Hendriks
756,Lyn,Clissell
757,Shalom,Roantree
758,Elizabet,Celez
759,Say,Gwinnel
760,Ban,Selwyn
761,Leonid,Lettington
762,Reiko,Miell
763,Adelaida,Fincher
764,Borg,Sheen
765,Doro,Bisson
766,Constantino,Windrum
767,Dominga,Sabater
768,Gale,Davidovic
769,Peria,Constantine
770,Eleen,Miquelet
771,Tobit,Bagwell
772,Saul,Trenholme
773,Lars,Goldin
774,Freddy,Hargate
775,Meryl,Flaubert
776,Shauna,Crouch
777,Nessa,Quinnelly
778,Myrah,Plank
779,Rodie,Soot
780,Marcelle,MacIan
781,Tracie,Brandsen
782,Randal,Blaycock
783,Ernesta,Adlam
784,Cosimo,Symms
785,Griswold,Curragh
786,Bengt,Feasey
787,Idelle,Coldicott
788,Zarla,Greenly
789,Orville,Pargiter
790,Mohammed,Hartopp
791,Ralf,Mixter
792,Paolo,Pentlow
793,Belva,Giron
794,Franny,McGarrahan
795,Kory,Lamperti
796,Rozamond,Caras
797,Stephan,Gerardi
798,Vito,Okker
799,Gunar,Croydon
800,Gerhardt,Mouncher
801,Theresa,Davidek
802,Cris,Breede
803,Fitz,Madine
804,Libbie,Honeyghan
805,Bowie,Frohock
806,Emiline,Speller
807,Bebe,Menego
808,Halimeda,Capelin
809,Dennison,Blampey
810,Ambrosius,Degoy
811,Clarissa,Vautre
812,Bertha,Haxley
813,Hube,Erskine Sandys
814,Shadow,Ingleston
815,Mina,Becket
816,Lonni,Caird
817,Priscella,Fallow
818,Moina,Durrett
819,Cosme,Nunns
820,Chaddy,Fetherby
821,Rand,Diloway
822,Cyrill,Worsnip
823,Jorey,Lindores
824,Katherine,Rucklidge
825,Georgy,Maxfield
826,Poppy,Kalisz
827,Riordan,Lorriman
828,Verena,Esposito
829,Justino,Lowdham
830,Kippy,Rock
831,Pembroke,Clouston
832,Darsie,Biasotti
833,Hillary,Lammertz
834,Terrence,Jahan
835,Sayer,Urry
836,Leslie,Buxton
837,Hube,McQuillin
838,Miof mela,Bushnell
839,Byron,Michelle
840,Ryan,Pledge
841,Allister,Lempel
842,Lulita,Vasilischev
843,Cristi,Hansom
844,Edsel,Heugh
845,Hayley,Axup
846,Mina,Besset
847,Joshua,Lauritsen
848,Bobine,Grichukhanov
849,Maynord,Moreland
850,Fidelity,Braybrook
851,Veronica,Nealy
852,Corabelle,Laurentin
853,Igor,Barca
854,Nolie,Huckerby
855,Lin,Thurston
856,Vanni,Walby
857,Carlin,Craddy
858,Dilly,Kefford
859,Cthrine,Fassman
860,Maritsa,Coatman
861,Dennet,Lounds
862,Lilah,MacCague
863,Olga,Cranstoun
864,Agnesse,Sally
865,Connor,Dundendale
866,Clem,Billing
867,Kristyn,Aaronson
868,Dael,Tomik
869,Hallsy,Birkhead
870,Kiah,Merington
871,Clarke,Scinelli
872,Nickie,Rounsefull
873,Jedd,Mallows
874,Osbourne,Cartmale
875,Julie,Rude
876,Gaspard,Mellonby
877,Mirabel,Sijmons
878,Donetta,Yokley
879,Naomi,Studde
880,Daniela,Brilleman
881,Chelsea,Ballaam
882,Markus,Gerty
883,Noland,McBean
884,Jamima,Engledow
885,Dita,Tabord
886,Fredric,Bickers
887,Laina,Carlesso
888,Kellie,Raincin
889,Taylor,Aistrop
890,Adelice,Wilacot
891,Georgeanna,Janiak
892,Zonda,Kretschmer
893,Myrtice,Bolstridge
894,Gerome,Cliss
895,Raeann,Stolberger
896,Christopher,O'Kielt
897,Burgess,Trench
898,Frants,Lafontaine
899,Harlie,McQuirk
900,Agnella,Riedel
901,Wilton,Mathevon
902,Bobbi,Bernetti
903,Creighton,Healings
904,Hanson,Hackly
905,Ole,Straniero
906,Clarinda,Besque
907,Skye,Boggis
908,Cooper,Stileman
909,Henri,Brass
910,Alane,Antoniutti
911,Lexi,Gallandre
912,Irvine,Fraschini
913,Wat,Johnsey
914,Joey,Jarry
915,Norina,Mix
916,Aksel,Seely
917,Giordano,Paulillo
918,Tammie,Harvatt
919,Gnni,Newson
920,Davida,Crosskell
921,Nora,Longshaw
922,Den,Bedingfield
923,Rockey,Droghan
924,Selestina,Inseal
925,Dixie,Haliburn
926,Selina,Cuardall
927,Kenneth,Nann
928,Sherie,Harradence
929,Rivkah,Schiell
930,Cornelius,Jeske
931,Russell,Towersey
932,Elspeth,Cottem
933,Dennison,Masdin
934,Valerye,Abbiss
935,Henryetta,Jannex
936,Roseann,Wolfarth
937,Joshua,Tetley
938,Anson,MacKee
939,Donni,Semechik
940,Concettina,Lagen
941,Arlin,Jack
942,Mary,Woolatt
943,Doreen,Cassedy
944,Shayne,Caroll
945,Nealy,Dobbyn
946,Esta,Bockler
947,John,Formby
948,Jasmin,Jaher
949,Jaynell,Bramah
950,Revkah,Dowry
951,Randy,Maxsted
952,Cris,Crockley
953,Herculie,Tivenan
954,Paddie,O'Currine
955,Onida,Spall
956,Elna,Mea
957,Anya,Wilkowski
958,Arni,Sprade
959,Micheline,Strewthers
960,Daniela,Longland
961,Ave,Darnbrough
962,Gilly,Kinlock
963,Frederica,Whitmarsh
964,Myron,Lidington
965,Annelise,Penwright
966,Ritchie,Manson
967,Wenda,Redhole
968,Amargo,Haine
969,Consalve,Foyster
970,Constanta,Lighten
971,Marlyn,Tuvey
972,Gladi,Christmas
973,Maggi,Tilby
974,Valeria,Huertas
975,Angelika,Husby
976,Grant,Kettridge
977,Shell,Gealy
978,Shayne,Hambright
979,Maria,Boyack
980,Sergent,Skyram
981,Vic,Conkling
982,Morna,Fassbender
983,William,Bumphrey
984,Oralla,Kruschov
985,Ella,Lamblot
986,Francklin,Danielsohn
987,Constantin,Pead
988,Izak,MacKellar
989,Danyelle,Smithin
990,Lucho,Nunn
991,Robinson,Keeler
992,Garnet,Thomkins
993,Helaina,Cowern
994,Querida,Illesley
995,Viki,Breyt
996,Alasdair,Jemmison
997,Torrey,Slocombe
998,Richmond,Bysaker
999,Regan,Sekulla
1000,Editha,Leal